{"loss": [1.3547470569610596, 1.337911605834961, 1.346455693244934, 1.2622592449188232, 1.3478929996490479, 1.4325472116470337, 1.3486164808273315, 1.3429772853851318, 1.3464665412902832, 1.2879281044006348, 1.3473471403121948, 1.014634609222412, 1.0443521738052368, 0.8671926259994507, 0.887515664100647, 0.7859105467796326, 0.750484049320221, 0.9280143976211548, 0.66181480884552, 0.8076874613761902, 0.5803526043891907, 0.6402413845062256, 0.5221158266067505, 0.5574245452880859, 0.4616418480873108], "val_loss": [1.3390322923660278, 1.3390485048294067, 1.3406883478164673, 1.3404502868652344, 1.3386832475662231, 1.338682770729065, 1.3406342267990112, 1.3406702280044556, 1.3396168947219849, 1.3396291732788086, 1.381668210029602, 1.3807538747787476, 1.156190276145935, 1.153942346572876, 1.3363969326019287, 1.3375294208526611, 1.4144775867462158, 1.3970530033111572, 1.0118370056152344, 1.012288212776184, 1.06367826461792, 1.0659935474395752, 0.8230060935020447, 0.8188111782073975, 0.8452709317207336], "accuracy": [0.3142857253551483, 0.4375, 0.32745617628097534, 0.34375, 0.32002124190330505, 0.375, 0.31364843249320984, 0.4375, 0.31439194083213806, 0.34375, 0.3759957551956177, 0.71875, 0.5640998482704163, 0.65625, 0.6424853801727295, 0.625, 0.7066383361816406, 0.59375, 0.7466808557510376, 0.65625, 0.7848114967346191, 0.75, 0.8053106665611267, 0.84375, 0.8263409733772278], "val_accuracy": [0.3321917951107025, 0.3321917951107025, 0.3493150770664215, 0.3694349229335785, 0.3321917951107025, 0.3321917951107025, 0.3321917951107025, 0.3321917951107025, 0.3321917951107025, 0.3321917951107025, 0.31207191944122314, 0.30993151664733887, 0.5149828791618347, 0.5218321681022644, 0.32534247636795044, 0.32534247636795044, 0.3227739632129669, 0.33261987566947937, 0.582619845867157, 0.5843321681022644, 0.6121575236320496, 0.6095890402793884, 0.7371575236320496, 0.738869845867157, 0.6545376777648926]}