{"loss": [1.0231019258499146, 0.7193230390548706, 0.6375067234039307, 0.6147264242172241, 0.5026777386665344, 0.43727338314056396, 0.43249619007110596, 0.4824238717556, 0.3786466419696808, 0.310484379529953, 0.7283373475074768, 0.5840591192245483, 0.452219694852829, 0.5543515682220459, 0.3464622497558594, 0.2246093600988388, 0.27531352639198303, 0.09935814887285233, 0.2326953113079071, 0.3315490484237671, 0.1900976002216339, 0.22020483016967773, 0.15975284576416016], "val_loss": [0.7036605477333069, 0.7037195563316345, 0.6082431077957153, 0.6075591444969177, 0.5783299207687378, 0.5790966749191284, 0.5677121877670288, 0.5689118504524231, 0.5423691272735596, 0.5427612066268921, 0.6883771419525146, 0.6889832615852356, 0.5415393710136414, 0.5412530303001404, 0.4626958668231964, 0.4625145494937897, 0.44365811347961426, 0.4434911012649536, 0.46011003851890564, 0.46091428399086, 0.4734731614589691, 0.4736829698085785, 0.49072960019111633], "accuracy": [0.5908656120300293, 0.78125, 0.7615507245063782, 0.8125, 0.8143388032913208, 0.8125, 0.8411046266555786, 0.8125, 0.8639405369758606, 0.90625, 0.7113117575645447, 0.875, 0.8250663876533508, 0.8125, 0.8718003034591675, 0.90625, 0.9019649624824524, 0.96875, 0.9173659086227417, 0.84375, 0.93319171667099, 0.9375, 0.9445565342903137], "val_accuracy": [0.7307363152503967, 0.7324486374855042, 0.7765411138534546, 0.7773972749710083, 0.7791095972061157, 0.7773972749710083, 0.7829623222351074, 0.7833904027938843, 0.7988013625144958, 0.7992294430732727, 0.7547088861465454, 0.7542808055877686, 0.8142123222351074, 0.8142123222351074, 0.8321917653083801, 0.8317636847496033, 0.8488869667053223, 0.8488869667053223, 0.8420376777648926, 0.8411815166473389, 0.8364726305007935, 0.8360445499420166, 0.8313356041908264]}